sample,Glucose,NH4Cl,MgSO4,KH2PO4,Na2HPO4,CaCl2,NaCl
0_1,0.7706576526474666,0.36345271732372986,0.31503086229709953,0.5932097118261309,0.2858171381127459,0.7599444183248609,0.27892153092806327
0_2,0.41480131339223164,0.791104958782606,0.6396594217548375,0.2971874581357693,0.19183976928109564,0.4924624396986476,0.6330135503791079
0_3,0.33007025031723697,0.03893792289507174,0.5828944682127123,0.6320699570097388,0.8083612308892587,0.10948102700814004,0.870228725459523
0_4,0.8857542027883536,0.4124214672639508,0.8100482741123919,0.9292611288420891,0.6518844348036136,0.22688702225492907,0.19416509951918398
0_5,0.11299441473713696,0.8630231388090376,0.08348032690467588,0.11639257393341787,0.43962573170617814,0.8301984777652219,0.42141567433450167
