sample,Glucose,NH4Cl,MgSO4,KH2PO4,Na2HPO4,CaCl2,NaCl
0_1,0.5921775482929078,0.7625394772622853,0.7848797951402049,0.9285144371681444,0.6537172585031789,0.0719788329426232,0.6644402726262084
0_2,0.8883879560454438,0.1418863398877253,0.6918810733333473,0.2711286918856925,0.8332294650486031,0.7216293984802604,0.7074381719802879
0_3,0.921327221379648,0.8127319684973913,0.4979752385147288,0.2487381255324872,0.9618064935760076,0.0373421095391332,0.5954348320979348
0_4,0.1993353097992584,0.5361098331522078,0.8752558626608881,0.7732455524436616,0.5419800229009197,0.6388789327276465,0.4375318142064087
0_5,0.1296031288650567,0.4998101242532627,0.3112898581562978,0.153560158076526,0.5961099961347713,0.987944437551717,0.297845445808528
