sample,Glucose,NH4Cl,MgSO4,KH2PO4,Na2HPO4,CaCl2,NaCl
0_1,0.8679405283122176,0.6361300010716758,0.2922044736643081,0.7856924309724709,0.3199490289526188,0.5500810972281756,0.7549799107929657
0_2,0.5304886056922528,0.4043685573055989,0.5773439479923826,0.7431177065568206,0.0258797587514072,0.9722479628595292,0.8306417999130893
0_3,0.0013292808990033,0.4498565542996515,0.9316271918055518,0.9278275923266772,0.2586270131471953,0.1051732790372625,0.7144356794508999
0_4,0.0774881306544164,0.7554624599924565,0.3691801943288522,0.7138194157388754,0.6030011788321278,0.4623361058337364,0.9011108188266184
0_5,0.1541078393808741,0.2061023827203208,0.6808566572921774,0.1653645167002922,0.655624506939314,0.4706020855143183,0.0481061675643899
