sample,Glucose,NH4Cl,MgSO4,KH2PO4,Na2HPO4,CaCl2,NaCl
1_1,0.1254586387047756,0.6800149854339796,0.8551662328195769,0.8158049775789157,0.953791333694564,0.0861927451760147,0.6181792939513963
1_2,0.3782715097164277,0.572884873183448,0.141414949779131,0.4994921474420531,0.123202517227175,0.8936520258524001,0.0823354598443111
1_3,0.6658596847573147,0.1935959152470546,0.972001621623902,0.4006941246583049,0.341300459187461,0.6749400392425957,0.1516428351086194
1_4,0.8398358908517868,0.6062557362954278,0.5164536555601433,0.2476231429758307,0.8233619844905948,0.4104093504888803,0.2990005263897243
1_5,0.1872306147994904,0.803199090408599,0.3285690519267164,0.37157102885029,0.4289868032126933,0.3479711840896212,0.3859703136207691
