sample,Glucose,NH4Cl,MgSO4,KH2PO4,Na2HPO4,CaCl2,NaCl
1_1,0.4369948406842849,0.7088797545510527,0.5779519741782119,0.4656770840919262,0.1143905949860327,0.7936423966494723,0.51024479062323
1_2,0.2531116551907539,0.2517288107538911,0.2815030372567258,0.8419537937009922,0.3208980301564155,0.2943912668078466,0.3754830573238537
1_3,0.7042394095159106,0.2171363135088292,0.0348235678614322,0.4474650123992537,0.705492918364818,0.8624095943149079,0.6158795329341196
1_4,0.6351592641022956,0.608090942257767,0.5457046294638161,0.6767364543695857,0.3768429761453298,0.654423875888407,0.1840453712943757
