sample,Glucose,NH4Cl,MgSO4,KH2PO4,Na2HPO4,CaCl2,NaCl
2_1,0.9662625757432596,0.9223978984071391,0.6339824388485079,0.0071106134459996,0.710689369558453,0.5140839161335664,0.2477500914434834
2_2,0.9724260312868735,0.5068591421447232,0.6262774376597486,0.2810067616855945,0.8616364700351676,0.254543942466202,0.1007111921930287
2_3,0.4813990252655644,0.1459304220336047,0.956838930145147,0.3490058840415077,0.1514634402040817,0.1467150670591117,0.2057351197749743
2_4,0.7939941082534987,0.0702199648711012,0.0981306292943022,0.8384174929503917,0.4827198909923325,0.5708521882523154,0.4115054337908387
2_5,0.0644949224143851,0.0406548574158984,0.8675305983573413,0.3321836455651479,0.5454873076814876,0.7479967094655927,0.3591113882824385
