sample,Glucose,NH4Cl,MgSO4,KH2PO4,Na2HPO4,CaCl2,NaCl
2_1,0.099153321273643,0.02704876182735,0.8164511981850813,0.6232809924072611,0.2438294831880535,0.4935091557535401,0.3482064222889509
2_2,0.9881219732442528,0.579879230462644,0.0773842837393348,0.5322277842586774,0.8957215630654087,0.3009159322320857,0.8744068959627651
2_3,0.2351792786486696,0.150814924332917,0.155858471553044,0.9983050476676698,0.0176009905690411,0.3881760436265035,0.7921902267256835
2_4,0.3873210778407598,0.401162569079945,0.9424593738434248,0.0721799245549734,0.7882881112287261,0.8349240171249246,0.0948650406433525
2_5,0.6608113107766097,0.348418757782341,0.2068150229707478,0.3289955366551733,0.0562652909142759,0.9460726221203952,0.903286148656352
2_6,0.7881720922854749,0.6571660639025555,0.6485685049985027,0.7052572417226309,0.9060827264015144,0.1797506904281094,0.2245972938093468
2_7,0.4862539454048604,0.3590269968030865,0.7047905834983282,0.8683911822301094,0.6321108705701424,0.1144982207041983,0.1014915864609783
