sample,Glucose,NH4Cl,MgSO4,KH2PO4,Na2HPO4,CaCl2,NaCl
3_1,0.3647655073972858,0.4975977544175168,0.8257197997021011,0.6500447655116183,0.9695788969966298,0.6290971574390557,0.4710312279888988
3_2,0.3251852919485657,0.5365201089325419,0.2450664786046098,0.0434532143934031,0.0824436894602073,0.2283925878899553,0.0255606850532631
3_3,0.6833650661123711,0.2931377310363747,0.3498912271121801,0.2025930060374909,0.4450648881462105,0.7306352617799481,0.9671820058985062
3_4,0.5785592645802033,0.1242958134745493,0.721736850358625,0.8946156294358205,0.2812431321177908,0.1779499241206183,0.7792777415749345
3_5,0.2415345795091975,0.7993250247782104,0.4183225050445129,0.9816142217578664,0.7742605299794004,0.803334879735779,0.194430891117425
