sample,Glucose,NH4Cl,MgSO4,KH2PO4,Na2HPO4,CaCl2,NaCl
3_1,0.0228220411868871,0.9517347643281572,0.1024656070491026,0.5902193646024674,0.1612301912674451,0.2346031042358612,0.9763245587512884
3_2,0.5184807628059918,0.0896563002045385,0.3854848052077463,0.3559699944446309,0.4651968406899313,0.416098733554212,0.0100217084003016
3_3,0.8252017279856881,0.8672480705997778,0.9513296801403974,0.1155814418657125,0.4267316368856216,0.5468585975423721,0.8427739910764676
3_4,0.3068687580649312,0.9362903491544332,0.4045439607195377,0.0295688056919114,0.2822722801088134,0.5694138156652585,0.4696989437066659
