sample,Glucose,NH4Cl,MgSO4,KH2PO4,Na2HPO4,CaCl2,NaCl
4_1,0.2199527368339731,0.9562170590267538,0.4507650270874889,0.610840328753759,0.9267661756789928,0.9545467583801682,0.8951266106804613
4_2,0.7069912338882728,0.3425150661342246,0.7886900331200174,0.4652210642338681,0.5901304224781531,0.8572115782181595,0.5816372049901687
4_3,0.2914543804327943,0.2560996762041964,0.1848394288265338,0.5026873923957486,0.2288749635878645,0.9321867899649958,0.3237457475280758
4_4,0.9228245928117238,0.8629210693626558,0.0574201187211275,0.1699516062951138,0.7500216443366395,0.6416538214602655,0.5590382847184043
4_5,0.4042197503162322,0.9834401915148392,0.1231707553446838,0.6834625983232636,0.6873635605989808,0.0042091241708423,0.6757466125016227
