sample,Glucose,NH4Cl,MgSO4,KH2PO4,Na2HPO4,CaCl2,NaCl
5_1,0.4614430813504949,0.882856936224823,0.7559169726101403,0.5485007990010717,0.8972156631553915,0.3844485557139092,0.948130972649906
5_2,0.5428255441226626,0.3127484081513095,0.0204076157321691,0.1187573052956543,0.3899974273099569,0.7872864405208467,0.5329112843457137
5_3,0.6317265471111629,0.7188603701011586,0.5647577904886654,0.0989834947022911,0.0517294286113132,0.0365599642562826,0.6581467001958744
5_4,0.7630508484162999,0.0094608248008392,0.2106816429795072,0.9333517577497624,0.5332271672803406,0.3230216024446126,0.8366591357054715
5_5,0.8236017357190478,0.3866345938134352,0.4689593062479189,0.5715896030972165,0.1723536317208458,0.298482590912307,0.4644137823582844
